Weight,E_grid_home,E_back_feed
900,69.12211909123303,0.4994402545242263
925,65.3864513509524,1.0586224232307586
950,72.42748737034937,0.391396723595693
975,64.31753842652542,0.2013590622842458
1000,65.39006169723254,1.0622036535986683
1025,65.36743273843152,1.061772007649034
1050,65.38487153082116,1.0566555895459184
1100,65.34679465849032,1.0726616620921696
1100,65.34679465849032,1.0726616620921696
5000,65.33917067070432,0.9117234590149196
5200,65.1423367015612,0.9143926598597875
