Weight,E_grid_home,E_back_feed
8000,32.01630250145111,30.40098663224485
8000,31.917311939098614,30.831476055767297
8000,31.73865886345836,31.62785713578746
